Empresa,Phone,Email,Logradouro,Bairro,Cidade,Estado
ANDRADE LOPES SOLDA E END LTDA ME,(27) 3020-8120,comercial@andradelopesbrasil.com.br,"Rua Everaldino Silva, nº 187 - Sala B",Centro,Fundão,ES
ANDRADE AUTOMAÇÃO E MATERIAL ELÉTRICO LTDA,(27) 3721-7516,,"ROD. DO CAFÉ GETHER LOPES DE FARIAS, Nº 2696",CARLOS G. NAUMAN,COLATINA,ES
APOIO ENGENHARIA E MONTAGENS LTDA EPP,(27)3281-4460,,"Rua Atalydes Moreira de Souza, 145",Civit I,Serra,ES
ANA ANGELICA JOVITA CALMON,(27) 99736-8404,,"ENDEREÇO AVENIDA HENRIQUE GABURRO, 9 - CASA QUADRA-29",SÃO JOSE,LINHARES,
ANDALUZ INDÚSTRIA METALÚRGICA LTDA,(27)3041-6751,,"Rua Comendador Alcides Simão Helou, nº 1324",CIVIT II,Serra,ES
AR VIX - COMÉRCIO E SERVIÇO LTDA,(27)3089-2277,,"AVENIDA BRASIL, Nº 26",JARDIM AMÉRICA,CARIACICA,ES
APTA MONTAGEM E MANUTENÇÃO INDUSTRIAL LTDA,(27)3328-1735,,"RUA FRANCISCO SOUZA DOS SANTOS, Nº 40",JARDIM LIMOEIRO,SERRA,ES
ARACRUZ VÁLVULAS E SERVIÇOS INDUSTRIAIS LTDA,(27) 3256-7483,,"Rua 7 de Setembro, Nº 30A - 1º Andar",Itaputera,Aracruz,ES
AMF MECÂNICA INDUSTRIAL EIRELI - ME,(28) 3518-1519,amfmecanica@hotmail.com,"ROD. ENGENHEIRO FABIANO VIVACQUA, Nº 876",MORRO GRANDE,CACHOEIRO DE ITAPEMIRIM,ES
AME SERVIÇOS E ASSESSORIA EMPRESARIAL,(27) 99961-7040,toninho.macedo@hotmail.com,"AVENIDA AUGUSTO EMILIO ESTELITA LINS, Nº270 - SALA 04, EDIF NORTE SUL",JARDIM CAMBURI,VITORIA,ES
ALX INDUSTRIA E COMERCIO DE ALUMINIO E DERIVADOS LTDA,(27) 2101-9250,,"ROD. BR 259 JOÃO NEIVA BAIXO GUANDU, nº 357",Baunilha,Colatina,ES
ALUNOBRE INDUSTRIAL LTDA - EPP,(27)3212-8585,,"RUA 6-C LOTE 09, QUADRA XIV-B, SETOR 2, GALPÃO B, S/N",CIVIT II,SERRA,ES
ALUMIERI - INDUSTRIA E COMÉRCIO LTDA - ME,(27)3327-3000,,"RUA PROFESSORA OCARLINA DRUMOND DE CARVALHO, Nº 144",MARIA ORTIZ,VITORIA,ES
ALTOE MECANICA EM GERAL LTDA - ME,(28)3524-1615,,"RODOVIA GUMERCÍNIO DE MOURA NUNES, KM 5,5, S/N",SANTA ROSA,CACHOEIRO DE ITAPEMIRIM,ES
ALTA ELEVADORES LTDA ME,(27) 3026-7063,alta@altaelevadores.com.br,"Rua Pedro Botti, nº 86",Consolação,Vitória,ES
ALFATECH MANUTENÇÃO & SERVIÇOS INDUSTRIAIS EIRELLI - EPP,(27) 3080-0938,comercial@alfatechindustrial.com.br,"Rua Gustavo Barroso, nº 678",Guaraciaba,Serra,ES
ZOPPE INDÚSTRIA E COMÉRCIO LTDA,(28)3521-4765,,"Rua José Calegário,  46 a 62",Aeroporto,Cachoeiro de Itapemirim,ES
XLOG INDUSTRIA E COMERCIO LTDA,(27) 2122-1919,,"RUA COMENDADOR ALCIDES SIMÃO HELOU, Nº 708",CIVIT II,SERRA,ES
ZOBE ASSISTENCIA TECNICA LTDA,(28) 3511-6084,www.eletromaquinas-es.com.br,"AV JONES DOS SANTOS NEVES, 771/777",SÃO FRANCISCO DE ASSIS,CACHOEIRO DE ITAPEMIRIM,ES
WM SERVIÇOS INDUSTRIAIS LTDA,(27) 3068-0777,,"RUA TANCREDO NEVES, 11, QUADRA 10 LOTE 19",SÃO DIOGO I,SERRA,ES
WISHES TOUR OPERADORA LTDA,(27) 99858-3938,,"RUA ANTONIO ROBERTO FEITOSA, Nº 78",CRISTOVAO COLOMBO,VILA VELHA,ES
WEIR DO BRASIL LTDA,(27)3218-3225,,"ROD. NORTE SUL, 1241",JARDIM LIMOEIRO,SERRA,ES
WILSON APARECIDO DOS SANTOS,(27) 99656-3562,trovao.wilson@gmail.com,"R DOMINGOS MARTINS, 200",SERRAMAR,SERRA,ES
WPS ENGENHARIA LTDA - EPP,(27)3721-8060,,"RUA DOM PEDRO II, Nº 20",ESPLANADA,COLATINA,ES
VOLARE VEÍCULOS LTDA,(27) 3312-4006,alexandre.faroni@volare.com.br,ROD BR 101 NORTE KM 56,LITORÂNEO,SÃO MATEUS,ES
WALCLER FILIPPO CROCE,(27)9837-2759,,"RUA JOAQUIM LUCAS SOBRINHO, Nº 212",SÃO VICENTE,COLATINA,ES
VTR SERVICE LTDA - ME,(27) 3099-4318,,"RUA CASTELO, Nº 1433, QUADRA 20 LOTE 30",JARDIM LIMOEIRO,SERRA,ES
WEG LINHARES EQUIPAMENTOS ELÉTRICOS S/A,(27) 3048-1711,,"ROD. BR 101, KM 161,5, S/N",RIO QUARTEL DE BAIXO,LINHARES,ES
VITORIAPLAST COMERCIO ATACADISTA DE EMBALAGENS LTD,(27) 3343-6278,vitoriaplast@vitoriaplast.com.br,"RUA NOVO BRASIL, Nº 09",RIO MARINHO,VILA VELHA,ES
VINOX INDÚSTRIA E COMÉRCIO DE METAIS LTDA - ME,(27)3369-6833,,"AV. CARLOS LINDEMBERG, Nº 1539",COBILÂNDIA,VILA VELHA,ES
VIX ELEVADORES LTDA-ME,(27) 3014-1384,,"AV. MARUIPE, 424",SANTA CECILIA,VITORIA,ES
,,,,,,
VIMAQ METALÚRGICA IND. COM. PREST.SERV.LTDA,(27)3328-2262,,"AV. BRASIL, 1135",NOVO HORIZONTE,SERRA,ES
VITORIA INDUSTRIAL LTDA - ME,(27) 3347-1512,,"Rua Nelcy Lopes Vieira, nº 392 Quadra 06",Jardim Limoeiro,Serra,ES
VIPLIMP PRESTADORA DE SERVIÇOS LTDA ME,(27) 3035-1887,viplimp@viplimp.com.br,"RUA ARISTIDES MIRANDA, Nº 186",ARIBIRI,VILA VELHA,ES
VILENA CONSTRUTORA LTDA,(27) 9965-1459,vilena@vilenaconstrutora.com.br,"RUA WALTER MACHADO, 236",SOTELANDIA,CARIACICA,ES
VILUX VITÓRIA LUX INDUSTRIAL EIRELI - EPP,(27)3338-1545,,"RUA A, N - LOTE 07 QD 75, S/N",NOVO HORIZONTE,SERRA,ES
VIFERRO FERRAMENTAS E FERRAGENS LTDA ,(27) 3183-2100,,"Av. Leitão da Silva, nº 1452",Santa Lucia,Vitória,ES
VENTOWAG TECNOLOGIA EIRELLI,(28)2102-2525,,"Rua João Bosco Fiório, 55",São Lucas,Cachoeiro de Itapemirim,ES
VILLA SODRÉ CONSULTORIA LTDA - ME,(27) 3337-2198,www.villasodre.com.br,"RUA ABIAIL DO AMARAL CARNEIRO, Nº191, SALA 713, ED. ARÁBICA",ENSEADA DO SUÁ,VITORIA ,ES
VECTOR INDÚSTRIA E MANUTENÇÃO DE EQUIPAMENTOS LTDA,(27)3250-2342,,"ROD ES 10, KM 49,7, LOTE 17,Q.C",PRAIA DOS PADRES,ARACRUZ,ES
VEGA INDUSTRIAL LTDA - ME,(27) 3077-0414,,"RUA LACERDÓPOLIS, Nº 165",COBILANDIA,VILA VELHA,ES
,,,,,,
USM INDUSTRIAL E OFFSHORE USM INDUSTRIAL EIRELI,(27) 3281-4313,usm@usm.ind.br,"Praça Flamboyant, nº80",Coqueiral,Aracruz,ES
VAC IMPLEMENTAÇÃO DE SISTEMAS LTDA - EPP,(28) 3511-8428,vac.sistemas@uol.com.br,"Rua Jorge Luiz da Silva, 36",Jardim Itapemirim,Cachoeiro de Itapemirim,ES
V & V METALMECÂNICA EIRELI - EPP,(27) 3398-1308,comercial@vevmetalmecanica.com.br,RUA 1B. S/N. SETOR II. LOTE III SALA 01,CIVIT II,SERRA,ES
USM FABRICAÇÕES INDUSTRIAIS LTDA-ME,(27) 3318-7738,usm@usm.ind.br,"Rua 04, nº18",Civit I,Serra,ES
USIMAC MÁQUINAS E EQUIPAMENTOS LTDA EPP,(28)3511-8047,,"ROD. RICARDO BARBIERI, 101 KM 1,5",AEROPORTO,CACHOEIRO DE ITAPEMIRIM,ES
USINOX SERVICE LTDA - ME,(27)3281-9422,,"RUA CLÁUDIO COUTINHO, Nº 18",JARDIM LIMOEIRO,SERRA,ES
USICORTE USINAGEM DE METAIS LTDA,(27) 3228-2575,,"RUA B, Nº 14",JARDIM LIMOEIRO,SERRA,ES
USIMAN SERVIÇOS DE MANUTENÇÃO INDUSTRIA E COMÉRCIO LTDA,(27)3038-2600,,"RUA CASTELO, Nº 1433",JARDIM LIMOEIRO,SERRA,ES
USIPLAN ENGENHARIA LTDA,(27)3228-1068,,"R FRANCISCO SOUSA DOS SANTOS, 313",JARDIM LIMOEIRO ,SERRA,ES
USIPRESTI USINAGEM E PRESTACAO DE SERVICO INDUSTRIAL LTDA - EPP,(27)3216-0174,,"Rua Jerusalém, 18",Oriente,Cariacica,ES
USIFRESA USINAGEM E FRESAGEM LTDA - EPP,(27)3281-4116,,"RUA CABREUVA, Nº 01",VILA NOVA DE COLARES,SERRA,ES
UNIÃO ELETROMECÂNICA LTDA - ME,(27)3711-5592,,"RODOVIA GETHER LOPES DE FARIAS, Nº 1700",CARLOS G. NAUMANN,COLATINA,ES
UNITEC INDÚSTRIA E COMÉRCIO EIRELI EPP,(28) 3521-3321,unitecltda@hotmail.com,"RUA NAIR DE SOUZA MENEZES, Nº 33",CORAMARA,CACHOEIRO DE ITAPEMIRIM,ES
UNIÃO FABRICAÇÃO E MONTAGEM LTDA,(27) 3089-1299,,"ROD. BR 101 - KM, 128 - SITIO BOA VISTA",CORREGO DA ONÇA,SOORETAMA,ES
UNICORTE SERVIÇOS LTDA - ME,(27)3222-3602,,"R: PEDRO CARLOS DE SOUZA, 250",ILHA DE SANTA MARIA,VITÓRIA,ES
,,,,,,
TSA TECNOLOGIA DE SISTEMAS DE AUTOMAÇÃO S/A,(31) 3055-5008,francisco.pereira@tsaengenharia.com.br,"RUA DOUTOR MOSCOSO, Nº81",CENTRO,SÃO MATEUS,ES
TROPICAL COMERCIO E SERVIÇOS EIRELI ME,(27) 3228-3396,icsservicos@terra.com.br,"AV GEL MANOEL NUNES, Nº3688",PLANALTO DE CARAPINA,SERRA,ES
TRILHAR METALÚRGICA LTDA,(27)3723 5166,,"ROD BR 259, S/N -KM 48 J. NEIVA - B.GUANDU GALPAO2",BARBADOS,COLATINA,ES
TRIGLAV SOLUÇÕES INDUSTRIAIS LTDA.,(27) 99297-4801,,"ROD. GOVERNADOR MARIO COVAS, PAVIMENTO 01 KM 279",CARAPINA GRANDE,SERRA,ES
TRACOMAL TERRAPLENAGEM E CONSTRUÇÕES MACHADO LTDA,(27)3348-6900,,"AVENIDA BRIGADEIRO EDUARDO GOMES, Nº 208",Jardim Limoeiro,SERRA,ES
TK ELEVADORES BRASIL LTDA,(27)3041-5800,,"AV. LEITÃO DA SILVA, 1740",SANTA LÚCIA,VITORIA,ES
TINÔCO ANTICORROSÃO LTDA,(21) 3553-1953,mtinoco@tinocoanticorrosao.com.br,"RUA DA ASSEMBLÉIA, Nº85, SALA 1.903",CENTRO ,RIO DE JANEIRO,RJ
THERMOTITE DO BRASIL LTDA,(27) 3441-9713,,"ROD. GOVERNADOR MARIO COVAS, S/N - KM 276",JARDIM CARAPINA,SERRA,ES
TOP INOX INDUSTRIA E COMERCIO LTDA,(27) 3386-8146,adm@topinox.com.br,"AVENIDA ALICE COUTINHO SANTOS, 2283",MARACANA,CARIACICA,ES
TGT MECANICA E COMERCIO LTDA - ME,(27) 3090-3153,adm@tgtmecanica.com.br,"Rua Maria da Glória Torezani, 72",Boa Sorte,Cariacica,ES
TORNEARIA EXATA LTDA ME,(28) 3517-8814,,"RUA FRANCISCO DE ASSIS MANHÔNI, Nº 64",CENTRAL PARQUE,CACHOEIRO DE ITAPEMIRIM,ES
TEXCAL COMÉRCIO E SERVIÇOS LTDA,(27)3218-3154,,"Rua Castelo, nº 1107",Jardim Limoeiro,Serra,ES
TEREME TÉCNICA DE RECUPERAÇÃO DE MÁQUINA ELET. LTDA,(27)3228-2320,,"RUA DANCADOR, Nº 100",NOVO HORIZONTE,SERRA,ES
TETRA PLACAS INDUSTRIA E SERVICOS LTDA - ME,(27)3763-5905,,"RUA MANOEL ANDRADE, Nº 278",CENTRO,SÃO MATEUS,ES
TECNOBOR TECNOLOGIA LTDA - ME,(27) 3338-2700,,"RUA SANTA MARIA, Nº 02",MARINGÁ,SERRA,ES
TECNOBOR INDUSTRIAL LTDA - ME ,(27) 3218-4260,,"RUA SANTA MARIA, Nº 02",MARINGÁ,SERRA,ES
"TECNOVIX FABRICAÇÃO, SERVIÇOS E USINAGEM DE CAMPO LTDA-ME",(27)3386-7127,,"RUA ARACAJU, S/N",CAMPINA GRANDE,CARIACICA,ES
TECNICRON METALMECANICA LTDA EPP,(27) 3338-3000,,"Avenida Desembargador Mário da Silva Nunes, nº 504",Jardim Limoeiro,Serra,ES
TECNOAR INSTALAÇÃO E MANUTENÇÃO LTDA ME,(27) 99801-4878,tecnoar.vix@gmail.com,"RUA MILTOM RAMALHO SIMÕES, Nº 130",JARDIM CAMBURI,VITÓRIA,ES
THERMICA REFRIGERAÇÃO E AR CONDICIONADO LTDA,(27)3226-0366,,"RUA OTAVIO BARBOSA DA SILVA, Nº 10",ITAQUARI,CARIACICA,ES
TECMETAL SERVIÇO DE USINAGEM E CALDERARIA LTDA ME,(28)3511-2344,,"Avenida Mauro Miranda Madureira, nº 1178 a 1202 Galpão C",Central Parque,Cachoeiro de Itapemirim,ES
TECNO-ITA TECNOLOGIA EM ROCHAS ORNAMENTAIS LTDA-ME,(28)3517-8700,,"R: ALFREDO SANTIAGO LOUZADA,  4",MARBRASA,CACHOEIRO DE ITAPEMIRIM,ES
TCN HIDRAULICA LTDA ME,(27) 3338-3001,administrativo@tcnhidraulica.com.br,"AV. TANCREDO NEVES, 171",SÃO DIOGO,SERRA,ES
TEC-LIGHT INDÚSTRIA E COMÉRCIO DE REATORES LTDA-ME,(27)3244-7473,,"RUA DANIELA PEREZ, Nº 352",BARRAMARES,VILA VELHA,ES
TBS BRASIL INDUSTRIA E COMERCIO LTDA - ME,(27) 3077-5777,sickert@sickert.com.br,"Rua Horizonte, 75",Residencial Coqueiral,Vila Velha,ES
SUN COKE EAST SERVIÇOS DE COQUEIFICAÇÃO LTDA,(27)2125-5000,,"AV. BRIGADEIRO EDUARDO GOMES, Nº 930",JARDIM LIMOEIRO,SERRA,ES
TADEU ERICO MOREIRA NEVES ME,(27) 3065-3906,tadeuneves@criaengenharia.com,"RUA LIMA BARRETO, Nº11, SALA 03",P.R. LARANJEIRAS,SERRA,ES
SULZER PUMPS WASTEWATER BRASIL LTDA,(27)2104-2466,,"RODOVIA BR 101 NORTE, KM 263, S/N",LARANJEIRAS VELHA,SERRA,ES
STILLUS INDÚSTRIA E COMÉRCIO LTDA ME,(28)3524-1074,,"ROD. GUMERCINDO MOURA NUNES - KM 12, S/N",SOTURNO,CACHOEIRO DE ITAPEMIRIM,ES
SPELTA COMPRESSORES LTDA - EPP,(27)3722-2226,,"AV. SILVIO ÁVIDOS, Nº 1059",SAO SILVANO,COLATINA,ES
SS BRASIL SOLUÇÕES INTELIGENTES ENG. COM. E SERV. LTDA,(27)3211-2888,,"RUA JOSE CELSO CLAUDIO, Nº 926",JARDIM CAMBURI,VITÓRIA,ES
STAR VIDRAÇARIA E ESQUADRIA LTDA ME,(27) 3241-2431,starvidracaria@ig.com.br,AVENIDA AUGUSTO RUSCHI,BALNEÁRIO DE CARAPEBUS,SERRA,ES
STEEL GOLD SERVIÇOS INDUSTRIAIS LTDA,(27) 3088-2798,,"RUA SÃO PEDRO, 472 - QDRA 006",JARDIM LIMOEIRO,SERRA,ES
SRF USINAGEM LTDA ME,(27) 3226-6242,srfusinagem@gmail.com,"AVENIDA CENTRAL , Nº 97",CAMPO VERDE,CARIACICA,ES
STS - MANUTENCAO LTDA - EPP,(27)3250-2138,,"RUA ANTÔNIO RIZZO, S/N",PRAIA DO SAUÊ,ARACRUZ,ES
SOLUSERV SERVIÇOS INDUSTRIAIS LTDA ME,(27)3256-4447,,"Rua Padre Luiz Parenzi, Nº 540 - Sala 104",Centro,Aracruz,ES
SOBRAL LTDA,(27)3250-2550,,"RUA UBERLÂNDIA, Nº 753",MAR AZUL,ARACRUZ,ES
SPB PLACAS INDUSTRIA E COMERCIO EIRELI,(27) 99800-8160,spbplacas@gmail.com,"RUA ANTONIO ALEIXO, Nº 288",CONSOLAÇÃO,VITÓRIA,
SOLUTION CONSULTORIA LTDA,(27) 3315-5000,,"AV JERÔNIMO MONTEIRO, Nº 1385",CENTRO,VILA VELHA,ES
SOLUMECH SOLUÇÕES MECANICA LTDA ME,(27) 3328-0768,,Rua Holdercim ,Civit II,Serra,ES
SO MIND SOARES MECANICA INDUSTRIAL LTDA ME,(28) 3511-6069,somindmec@hotmail.com,"RUA PROJETADA, S/N",DUAS BARRAS,CACHOEIRO DE ITAPEMIRIM   								(Cachoeiro de Itapemirim),ES
SKALA ARTEFATOS DE ALUMINIO LTDA - ME,(27)3343-1773,,"R: SÃO PEDRO, 33",SANTA CECILIA,CARIACICA,ES
SM REPRESENTAÇÕES E COMÉRCIO DE MÁQUINAS LTDA,(27) 3065-3143,,"RUA SÃO JORGE, Nº 79",BOA VISTA II,SERRA,ES
SINERGIA ELEVADORES LTDA,(27)3225-7392,,"RUA PEDRO CARLOS DE SOUZA, Nº 150",ILHA DE SANTA MARIA,VITÓRIA,ES
SINDERSERVICE SOLUÇÕES ELETROMECANICAS LTDA,(27) 3064-2596,sv-braga@uol.com.br,"RUA JOSE MOREIRA MARTINS RATO, Nº556/203",BAIRRO DE FATIMA,SERRA,ES
SIM ELEVADORES LTDA,(27) 3327-0302,,"Rua Olympio Rodrigues Passos, Nº 61",Jabour,Vitória,ES
SINDUS ANDRITZ LTDA,(51) 2121-4400,,"Rua José Alves da Costa, nº 56, Sala 411 Ed. Ravenna Center",Centro,Aracruz,ES
SIGNUS RJ INSTALACOES LTDA,(27) 3255-2244,,ROD. BR 262 - KM 13,RIBEIRA,VIANA,ES
SIDERMETAL METALÚRGICA LTDA,(27)3328-4586,,"RUA REILLY DUARTE, Nº 747 D",CIVIT II,SERRA,ES
SIÃO PETROLEO S/A,(27)3328-3827,,"RUA 7B. 111, QUADRA 14F - LOTE 08",CIVIT II,SERRA,ES
SERVI INDÚSTRIA DE SERINGAS E VIDROS LTDA,(28)3521-2455,,"RODOVIA ENG. FABIANO VIVACQUA, Nº 307",MARBRASA,CACHOEIRO DE ITAPEMIRIM,ES
SERVET INDUSTRIA COMERCIO E SERVIÇOS LTDA,(28) 3521-2455,servi@serviseringas.com.br,RUA SEBASTIÃO DE PAIVA VIDAURRE. N 10,CORAMARA,CACHOEIRO DE ITAPEMIRIM,
SHOPPING DAS PLACAS EIRELI,(27) 3024-0007,shoppingdasplacas@hotmail.com,"RUA TITO MACHADO, Nº137",HORTO,VITORIA ,ES
SERRALHERIA SERRANA LTDA - ME,(28) 3517-6294,metalurgicaserrana@gmai.com,"AVENIDA THEODORICO FERRAÇO, Nº20",PARQUE LARANJEIRAS,CACHOEIRO DE ITAPEMIRIM,ES
SERMAVIL LOCACAO E MONTAGENS LTDA,(27)3338-3488,,"R: SÃO JORGE, 70",BOA VISTA,SERRA,ES
SETORNO INDÚSTRIA MECÂNICA LTDA ME,(27)3222-1203,,"RUA GUIDO PRATTI, Nº 99",ILHA DE SANTA MARIA,VITORIA,ES
SEMEPLAST INDÚSTRIA E SERVIÇOS EIRELI ME,(27) 3201-3960,,"AV. TERCEIRA AVENIDA, Nº 396 LOTE 027 QUADRA 10 LOTEAMENTO 123",São Diogo I,Serra,ES
SIDERAL INDÚSTRIA E COMÉRCIO LTDA - EPP,(27)3328-3731,,"Rua Reilly Duarte, 747",Civit II,Serra,ES
SEL SERVIÇOS ELETRICOS LTDA - ME,(27)3216-6555,sel@selservicoseletricos.com.br,"RUA CLARÍCIO ALVES RIBEIRO, Nº 176",ITANGUA,CARIACICA,ES
SEITEC SERVIÇOS INDUSTRIAIS LTDA - EPP,(27) 3256-2577,,"Rua Pedro Cavalhieri Filho, nº 570 CXP. 431",Centro Empresarial,Aracruz,ES
SAMIL SARANDY FERRAMENTAS LTDA - ME,(28)3526-7161,,"AV. FRANCISCO MARDEGAM, Nº 89",AEROPORTO,CACHOEIRO DE ITAPEMIRIM,ES
SAMARCO MINERAÇÃO S.A.,(28) 3361-9000,,"RODOVIA ES- 060, KM 14.4, S/N",PONTA UBU,ANCHIETA,ES
SEISA METALMECÂNICA LTDA - EPP,(27)3336-4263,,ROD. BR 101 - KM 288 - CONTORNO DE VITÓRIA,TABAJARA,CARIACICA,ES
SCHIRLEY PEREIRA BALDAN - ME,(27)3386-6749,,"RUA MINISTRO EURICO SALLES DE AGUIAR, Nº21 LOJA1",CAMPO GRANDE,CARIACICA,ES
SAINT-GOBAIN DO BRASIL PROD. IND.CONSTRUÇÃO LTDA,(19) 2127-8510,,"AVENIDA BRIGADEIRO EDUARDO GOMES, 930",POLO INDUSTRIAL DE TUBARÃO,SERRA,ES
S L WEBER SERVIÇOS - EPP,(28) 3036-1645,,"AV FIORAVANTE CYPRIANO, N 648, GALPÃO",AEROPORTO,CACHOEIRO DE ITAPEMIRIM,ES
SA SILVA METALURGICA ME,(27) 3338-2700,,"Rua Santa Maria, Nº 2",Maringá,Serra,ES
ROSH INDUSTRIA E COM. PEÇAS E DE MAQUINAS LTDA,(27) 2125-4849,,"RUA NITEROI, 202-B",ALTEROSAS,SERRA,
RONEY SANTOS RIBEIRO ME,,contatoinoxplacas@gmail.com,"RUA CRISTOVÃO COLOMBO, 316",CRISTOVÃO COLOMBO,VILA VELHA ,ES
"RTA SERVIÇOS DE MANUTENÇÃO, FABRICAÇÃO E MONTAGEM INDUSTRIAL E OFF SHORE LTDA",(27) 3337-2521,adm01@rtaindustrial.com.br,"RUA JOSÉ CELSO CLAUDIO, 833 - SALA 206",JARDIM CAMBURI,VITORIA,ES
RJG INSTRUMENTACAO E ELETRICA INDUSTRIAL LTDA EPP,(27)3296-9351,,"R: REINALDO WINKELMANN, 260",BARRA DO RIACHO,ARACRUZ,ES
ROMETAL SERRALHERIA LTDA. ME,(27)3296-0037,,"ROD. ES 124 DO KM 41 500 AO 15, Nº 995",PAU PRETO GUAXINDIBA,ARACRUZ,ES
RODOFLEX INDÚSTRIA COMÉRCIO E SERVIÇOS LTDA,(27)3326-3006,,RUA PARNAÍBA - S/01 - S/Nº,SANTA RITA,VILA VELHA,ES
RODRIGUES AMARAL IND COM. ART. DE ALUMINIO LTDA ME,(27) 3326-9117,,"Rua P, nº 26",Bela Vista,Cariacica,
RIP SERVIÇOS INDUSTRIAIS LTDA,,,"RUA BEIJA FLOR, 30",NOVO HORIZONTE,SERRA,ES
RIGUETTE & SILVA LTDA - ME,(27)3256-2973,,"RUA JOSÉ DOS SANTOS LOPES, Nº 269",DE CARLI,ARACRUZ,ES
RID METALMECÂNICA LTDA,(27)3183-7840,,"Rua 6 D, S/N",CIVIT II,Serra,ES
RICARDO MARTINS COLATTI,(27)9840-5029,,RUA DOUTOR DITO FONTES Nº157,N.S. APARECIDA,COLATINA,ES
RESISTENCIA SERVIÇOS METALURGICOS LTDA-ME,(27)3215-3491,,"RUA SÃO SEBASTIÃO, Nº366",RESISTÊNCIA,VITÓRIA,ES
REPLAK INDUSTRIA E COMERCIO DE PLACAS LTDA - ME,(27) 3251-4900,,"Rua Viriato Corrêa, 116",Parque Residencial Laranjeiras,Serra,ES
RM S SERVIÇOS ELETRICOS EIRELI,(27) 3328-8656,,"RUA RIO DE JANEIRO, 99",JARDIM LIMOEIRO,SERRA,
RENOAR REFRIGERAÇÃO E AR CONDICIONADO LTDA ME,2730860554,renato@renoarclimatizacao.com.br,"rua: dançador , n°: 232, quadra: 63, Novo Horizonte",Novo Horizonte,serra,ES
REFRIGEL COMERCIO E SERVICOS EIRELI,(27) 3228-2205,,"AV. DIDO FONTES, Nº 100",JARDIM LIMOEIRO,SERRA,ES
REFLEXO ALUMINIOS E VIDROS LTDA EPP,(27) 3721-4001,reflexoaluminios@gmail.com,"RODOVIA CAFE, 328",CARLOS G. NAUMANN,COLATINA,ES
R.C. FROEDE SERVIÇOS ME,(28) 99901-4004,,"AV. FIORAVANTE CYPRIANO QUADRA B, Nº 648",AEROPORTO,CACHOEIRO DE ITAPEMIRIM,ES
QUICK CONTRUÇÕES E MONTAGENS LTDA,(27)3325-2190,,"RUA MOACIR AVIDOS, Nº 88/701",PRAIA DO CANTO,VITÓRIA,ES
R.C CARVALHO INDUSTRIA E MONTAGEM LTDA - ME,(28) 3538-1702,,"ROD. ES 489. RICARDO BARBIERI, Nº S/N",ALTO SÃO JOSÉ,Atílio Vivácqua,ES
REFRAMAX ENGENHARIA LTDA,(27) 3067-9355,,"AV. DESEMBARGADOR MÁRIO DA SILVA NUNES, 1241",JARDIM LIMOEIRO,SERRA,ES
R. C. DE OLIVEIRA ME,(28) 3518-5108,rcoprestadora@hotmail.com,"RUA JOSÉ DIAS LOBATO, Nº 181",OTTON MARINS,CACHOEIRO DE ITAPEMIRIM,ES
R. FIENI ENGENHARIA EPP,(27) 3207-2517,enge@enge-es.com.br,"Avenida Marechal Campos, nº 626",Consolação,Vitória,ES
RAIO SOLDAS INSPEÇÕES S/S - ME,(27) 3322-6686,,"AV. PRINCESA ISABEL, Nº 629",Centro,VITÓRIA,ES
QUALITEC ASSISTÊNCIA TÉCNICA EM ELEVADORES LTDA ME,(27) 3013-7686,comercial@qualitecelevadores.com.br,"Avenida Maruípe, nº 1620 Sala 103",Bonfim,Vitória,ES
QUALIMEC QUALIDADE EM MECÂNICA LTDA - ME,(27)3763-4624,,"RODOVIA BR 101, S/N, KM 67",VILA NOVA,SÃO MATEUS,ES
QUALITYBOR SERVICOS E MANUTENCAO LTDA. - ME ,(28)3517-6764,,"ROD GUMERCINO MOURA NUNES, nº 103 a 107",VILLAGE DA LUZ ,CACHOEIRO DE ITAPEMIRIM ,ES
QUALITEC INDUSTRIAL LTDA,(27)3282-4049,,"Avenida São Paulo, nº 11",Serra Dourada III,Serra,ES
PRYSMIAN CABOS E SISTEMAS DO BRASIL S/A,(27) 3320-2275,,"RUA VILA ISABEL, S/N ",SÃO TORQUATO,VILA VELHA,ES
PROMILAQ MECÂNICA INDUSTRIAL LTDA - EPP,(28)3521-3031,,"RUA JOÃO BATISTA CALEGARIO, Nº 95",AEROPORTO,CACHOEIRO DE ITAPEMIRIM,ES
PROATIVA SERVIÇOS INDUSTRIAIS LTDA - EPP,(27)3256-8717,,"ROD. ES 257, KM 01 Nº 950",MOROBÁ,ARACRUZ,ES
PRO ENGENHARIA LTDA,(27) 3371-4905,,"RUA NAIR DURÃO GUIMARÃES, Nº 734",TRÊS BARRAS,LINHARES,ES
PRINER SERVIÇOS INDUSTRIAIS S.A.,(71) 3443-2700,,"AVENIDA CONCENTRICA, S/N",CAMAÇARI DE DENTRO,GUARAPARI,ES
PPL MANUTENÇÃO E SERVIÇOS LTDA,(71) 3418-1989,pplba@pplmanutencao.com.br,AVENIDA JOSE AGOSTINHO DE PAIVA. 97 POLO DE SERVIÇO,IMBASSAV,DIAS DÁVILA,BA
PRIME OFFICE ASSESSORIA CONTABIL E ADMINISTRAÇÃO,(28) 99968-5630,,"RUA AMELIA JOSE FREITAS, 26",GILBERTO MACHADO,CACHOEIRO DE ITAPEMIRIM,ES
POSTO DE MOLAS SANTA CRUZ LTDA EPP,(28) 3521-2556,,"Rodovia Engenheiro Fabiano Vivacqua, nº 1010",Central Parque,Cachoeiro de Itapemirim,ES
POSTO DE MOLAS DENADAI LTDA ME,(28) 3517-6351,molasdenadai@hotmail.com,"Rua Francisco de Assis Manhoni, Nº 80",Central Parque,Cachoeiro de Itapemirim,ES
PLACASSUL INDUSTRIA E COMERCIO DE PLACAS LTDA EPP,(28) 3518-2914,,"RUA CORONEL ALZIRO VIANNA, Nº 61",AQUIBADAN,CACHOEIRO DE ITAPEMIRIM,ES
POSITIVA INDUSTRIAL LTDA,(33) 3267-2153,,"RUA MANOEL PEDRO SALLES, 120",DISTRITO EMPREARIAL,AIMORES,MG
POSTO DE MOLAS CORAMARA LTDA,(28)3521-4126,,"AV. MAURO MADUREIRA, S/N - CP. 167",CORAMARA,CACHOEIRO DE ITAPEMIRIM,ES
POSTO DE MOLAS CACHOEIRO LTDA - EPP,(28) 3521-8868,,ROD ENG FABIANO VIVACQUA 522 A 540 BR482,CENTRAL PARQUE,CACHOEIRO DE ITAPEMIRIM,ES
PONSSE LATIN AMERICA INDUSTRIA DE MÁQUINAS FLORESTAIS LTDA,(11) 4795-4608,,ROD BR 262 KM 102 S/N GALPÃO 001,TAPERA,VENDA NOVA DO IMIGRANTE,ES
PRED ENGENHARIA LTDA - EPP,(27)3337-5977,,"R: ITALIANA PEREIRA MOTA, 440 - SL 112",JARDIM CAMBURI,VITÓRIA,ES
PESSOTTI EMBALAGENS E TRANSPORTE EIRELI,(27) 99956-5877,,"ROD. BR 101, KM 168, S/N",RIO QUARTEL,LINHARES,ES
PH TRANSPORTES E CONSTRUÇÕES LTDA,(27) 3205-1821,,"RUA LEOPOLDINA, Nº 900",VASCO DA GAMA,CARIACICA,ES
PERFILADOS RIO DOCE LTDA,(27)2103-7100,,"ROD. BR 101 NORTE- KM 142, S/N",CANIVETE,LINHARES,ES
PLACAS ARACRUZ LTDA ME,(27) 3264-2346,pedidos@ciadasplacas.ind.br,"AVENIDA RUFINO DE CARVALHO, Nº 1037, LJ 03 ED CIGRAMAR",Centro,Linhares,ES
POLLOMAG ENGENHARIA E CONSULTORIA LTDA,(27) 3256-7145,,"RUA CARAJAS, Nº 130",PRIMAVERA,ARACRUZ,ES
PERFIL ALUMÍNIO DO BRASIL S/A,(27)2104-5900,,"Rodovia BR-262 , s/n Km13",Ribeira,Viana,ES
PANGEIA MANUTENÇÃO INDUSTRIAL LTDA,(27) 3257-1433,pangeia@pangeiamanutencao.com.br,"RUA EMILIO LOMBARDI, Nº 17",ELIAS BRAGATTO,IBIRAÇU,ES
PANVAC INDUSTRIA DE MAQUINAS E PEÇAS LTDA,(28) 3521-9042,comercialpanvac@gmail.com,"AV. DOMINGOS ALCINO DADALTO, Nº 444",JARDIM ITAPEMIRIM,CACHOEIRO DE ITAPEMIRIM,ES
PARANAPANEMA S/A,(27)4009-4520,,"R: ATALIDES MOREIRA DE SOUZA, 1040",CIVIT I,SERRA,ES
PAMEC - SERVIÇOS MECÂNICOS LTDA - EPP,(27)3218-0819,,"RUA 03, Nº 02",MARINGA,SERRA,ES
"PAJ SERVIÇOS, MANUTENÇÃO, FABRIC. E MONT. INDUST. LTDA",(27)3345-8783,,"RUA SÃO JOSÉ, Nº 199 - SALA 32",PLANALTO DE CARAPINA,SERRA,ES
ONIX METROLOGIA LTDA - EPP,(27)3200-8890,,"AV. DESEMBARGADOR MARIO DA SILVA, Nº 19",JARDIM LIMOEIRO,SERRA,ES
OCEANO COMERCIO INDUSTRIA E SERVICOS LTDA - ME,(27)3359-3724,,"Rua Sete, nº 120 B",Cocal,Vila Velha,ES
OMF INDÚSTRIA E SERVIÇOS LTDA ME,(27) 3518-6977,adm.multiserv@gmail.com,"ROD. CAMILO COLA, S/N",MORRO GRANDE,CACHOEIRO DE ITAPEMIRIM,ES
ORMEC ENGENHARIA LTDA,(24) 33448-3308,,"AV. SETE DE SETEMBRO, Nº 124",ATERRADO,VOLTA REDONDA,ES
ORION INDUSTRIAL LTDA ME,(27) 3338-5999,,"Rua Gavião, nº 70",Novo Horizonte,Serra,ES
ORIVALDO DANIEL DOS SANTOS,(27)3286-4209,,"Rua Duque de Caxias, nº 395",Rosa da Penha,Cariacica,ES
NPE ENGENHARIA E EQUIPAMENTOS LTDA,(71) 3503-0110,,"RUA URUSSUI, Nº 300",ITAIM BIBI,SÃO PAULO,ES
NOVA METALMECÂNICA EIRELI - ME,(27) 3338-5451,,"Rua Ilma Henriques, s/n QD 10 Lote 16",Jardim Limoeiro,Serra,ES
NOVA METAL MONTAGENS INDUSTRIAIS LTDA ME,(27) 3102-9397,,"Rua Euclides da Cunha, nº 189",São Diogo I,Serra,ES
NOVA ELEVADORES LTDA - ME,(27)3213-1038,,"RUA PEDRO ALVARES CABRAL, Nº180 - TERREO",BAIRRO DE FATIMA,SERRA,ES
NOVA ORLA ESQUADRIAS DE ALUMINIO LTDA - ME,(27)3359-5982,,"RUA JOVENTINA MENEZES, Nº 65",JARDIM MARILÂNDIA,VILA VELHA,ES
NK TRAINING LTDA,(27) 3228-0472,contato@nktraining.com.br,"AV DOS METALURGICOS, Nº49",SÃO GERALDO,SERRA,ES
NIVALMAR INDÚSTRIA E COMÉRCIO LTDA EPP,(27)3339-0063,,"RUA LEILA DINIZ, Nº 14",ILHA DOS BENTOS,VILA VELHA,ES
NILED BRASIL LTDA.,(27) 3298-5300,niled@niled.com.br,"Rodovia Governador Mário Covas, nº 955 Portão 03 ",Jardim Carapina,Serra,ES
N&V CASA E CONSTUÇÃO LTDA,,nvcasaconstrucao@yahoo.com.br,"AV. BRASIL, 1031",NOVO HORIZONTE,SERRA,ES
NEXUX LUBRIFICAÇÃO E CONFIABILIDADE LTDA,,contato@nexux.com.br,"RUA BENEDITO FERNANDES, 545, SALA 1114",SANTO AMARO,SÃO PAULO,ES
NCS FABRICAÇÃO E SERVIÇOS LTDA,(27)3258-1069,,"RUA PROJETADA, Nº 80",CABLOCO BERNARDO,JOÃO NEIVA,ES
MULTICROMO CROMAGEM INDUSTRIAL LTDA - EPP,(27)3338-5668,,"R: SÃO PEDRO, 160",NOVO HORIZONTE,SERRA,ES
NEW LIFE CONSULT E CORRETAGEM DE SEGUROS LTDA - ME,(27) 3347-0075,,"AV. ELDES SCHERRER SOUZA, 975 - SALA 727",PARQ RESID LARANJEIRAS,SERRA,ES
NAV ENGENHARIA NAVAL E INDUSTRIAL LTDA ME,(27) 3077-3207,,"AV. CARLOS LINDEMBERG, 5417 2º ANDAR",COBILANDIA,VILA VELHA,ES
MT MONTAGEM E MANUTENÇÃO ELETRICA LTDA,(27) 3761-5440,,"Rodovia Othovarino Duarte Santos, 1889",Guriri Sul,São Mateus,ES
MS METAL MECÂNICA LTDA,(27) 3534-7200,msmetal.mec@hotmail.com,"RUA ISABEL DOS SANTOS, Nº 273",DIVINO ESPÍRITO SANTO,VILA VELHA,ES
MTI - METALURGICA TRÊS IRMÃOS LTDA - ME,(28)3511-4161,,"FAZENDA SÃO JOAQUIM, S/N",DISTRITO INDUSTRIAL SÃO JOAQUIM,CACHOEIRO DE ITAPEMIRIM,ES
MOREIRA E SOUZA REPRESENTAÇÕES LTDA-ME,(27) 99579-9922,esrepresentacao@esrepresentacao.com,"AV. PINHEIRO JUNIOR, Nº 72 SALA B",IBITIQUARA,CACHOEIRO DE ITAPEMIRIM,ES
MPA SERV. DE FAB. E MONT .DE ESTR. METÁL. LTDA ME,(27)3228-6056,,"RUA. CACHOEIRO DE ITAPEMIRIM, Nº 355",JARDIM CARAPINA,SERRA,ES
MS CALDEIRARIA LTDA EPP,(27) 3101-8735,,"Rua Cristal, Nº 409",Residencial Vista do Mestre,Serra,ES
,,,,,,
MONTARROYOS SOLDAS E EQUIPAMENTOS LTDA,(27) 2141-0460,,"RUA DAS ANGELICAS, 122",CASCATA,SERRA,
MONTO INDUSTRIAL LTDA,(11) 9339-77658,,,,,
MI CALDEIRARIA LTDA,(27)3258-4575,,"AVENIDA JACOB BARBARIOLI, S/N",PARQUE IND. JOSÉ LUIZ FIOROTTI,IBIRAÇU,ES
MMI MANUTENCÃO E MONTAGEM INDUSTRIAL LTDA,(27)3337-4933,,"RUA O, Nº 217",MANOEL PLAZA,SERRA,ES
MONSERVICE INDUSTRIAL LTDA,(27) 3228-0488,comercial@monserviceindustrial.com.br,"RUA RIO BRANCO, N. 28",JARDIM LIMOEIRO,SERRA,ES
MIR SERVICOS DE SOLDA E USINAGEM LTDA - ME,(27)3241-9335,,"AV. BELO HORIZONTE, Nº 1.295",NOVA CARAPINA I,SERRA,ES
METROLOGY MEDIÇÕES E TECNOLOGIA LTDA,(27) 3222-4820,,,JARDIM CAMBURI,VITORIA,ES
METSO BRASIL INDÚSTRIA E COMÉRCIO LTDA.,(15) 2102-1305,,AV.INDEPENDÊNCIA 2500,IPORANGA,SOROCABA,SP
METROLOGICA ENGENHARIA EIRELI,(27) 99817-1848,natalia@metrologicaltda.com.br,"PRAÇA COSTA PEREIRA, Nº168, SALA 102",CENTRO,VITORIA ,ES
METALÚRGICA USISTEEL LTDA,(27)3338-9763,,"AV. TALMA RODRIGUES RIBEIRO, S/N",FEU ROSA,SERRA,ES
MHS COMPRESSORES LTDA,(27) 3072-6272,mhscompressores@gmail.com,"RUA ALCERIM, 2059 LOJA 02",NOVO  MÉXICO,VILA VELHA,ES
MGT TRANSPORTES LTDA,(27) 99722-6960,contages@uol.com.br,"Rua Edson Bonadiman, 93",Sao Francisco,CARIACICA,ES
METALVIX ENGENHARIA E CONSULTORIA LTDA,(27)3375-6666,,"RUA JOÃO DE OLIVEIRA SOARES, Nº 98",JARDIM CAMBURI,VITÓRIA,ES
METALURGICA VERTICAL LTDA,(27)3256-7803,,"ROD. DEMÓCRITO MOREIRA,  950",BAIRRO DE FÁTIMA,ARACRUZ,ES
METALÚRGICA TECNOSTEEL LTDA,(27)3338-9763,,"RUA 06 A - QUADRA XIII B, Nº 04",CIVIT II,SERRA,ES
METALÚRGICA GORONCI LTDA  EPP,27 32281700,contato@metalurgicagoronci.com.br,"RUA SÃO JORGE, 131 ",Boa Vista II,Serra,ES
METALURGICA MUSSO LTDA,(27) 33190-3739,,"RUA BELA VISTA, Nº 96",INDUSTRIAL,VILA VELHA,ES
METALÚRGICA GIOM LTDA,(28)3383-5250,,"RUA TRÊS, S/N - DISTRITO INDUSTRIAL",SÃO JOAQUIM,CACHOEIRO DE ITAPEMIRIM,ES
METALÚRGICA BALDO LTDA,(27)3243-9500,,"AV. TALMA RODRIGUES, S/Nº",FEU ROSA,SERRA,ES
METALOSA INDÚSTRIA METALÚRGICA S/A,(27)2102-1300,,"Rodovia do Café, nº 1.625",Industrial Alves Marques,Colatina,ES
METALSER INDUSTRIA E COMERCIO LTDA,(27)2127-1777,,Rodovia BR-101 Norte - s/n,Laranjeiras Velha,Serra,ES
METALMECANICA BECKER LTDA,(27)3250-2338,,"R: PEROBAS, 56",COQUEIRAL,ARACRUZ,ES
METALGRAN INDÚSTRIA E COMÉRCIO LTDA - EPP,(28)3521-3233,,"Rua Leopoldina Smarzaro, nº 87 ",Boa Esperança,Cachoeiro de Itapemirim,ES
METAFILL EQUIPAMENTOS INDUSTRIAIS LTDA,(28)2102-9000,,"Rua Presidente Getúlio Vargas, Nº 33/51",Aeroporto,Cachoeiro de Itapemirim,ES
METAL SOLUÇÕES LTDA EPP,(27) 3066-3086,administracao@metalsolucoes.com.br,"RUA C, Nº 174",OURIMAR,SERRA,ES
METACOL METALMECÂNICA LTDA,(27)3218-4375,,"Rua Manaus, S/N",Nova Zelândia,Serra,ES
MENEZES BASTOS COMÉRCIO E SERVIÇO LTDA,(27) 3338-0022,,"Rua Espírito Santo, S/N Qd. 75 Lt. 13",Rosário de Fátima,Serra,ES
METAGIL METALURGICA LTDA EPP,(28) 3517-6842,,"AVENIDA MAURO MIRANDA MADUREIRA, Nº 1274",CENTRAL PARQUE,CACHOEIRO DE ITAPEMIRIM,ES
MEDITERRANEA COM. IND. ALUMINIO LTDA EPP,(27) 3062-2276,,"Avenida Coronel Manoel Nunes, nº 3981 Galpão 1",Planalto de Carapina,Serra,ES
MEC STEEL MECÂNICA INDUSTRIAL LTDA - ME,(28)3518-8729,,"RUA ALAIR LOPES PECCINI, S/N",RUY PINTO BANDEIRA,CACHOEIRO DE ITAPEMIRIM,ES
MEGA MANUFATURADOS DE ALUMINIO LTDA,(27)3212-8585,,"R: 6C  LOTE 09 QUADRA XIV-B SETOR 2 GALPÃO A, N73",CIVIT II,SERRA,ES
MEC LINHARES INDÚSTRIA DE PEÇAS E COMPONENTES DE ELETRODOMESTICOS LTDA,(27) 3372-4518,meclinhares@meclinhares.com.br,"Avenida dos Moveleiros, S/N",Canivete,Linhares,ES
MASIL METALÚRGICA ANCHIETA SERVIÇOS INDUSTRIAIS LTDA,(28) 3536-3323,,"RUA PIRACURU, S/Nº",PONTA DOS CASTELHANOS,ANCHIETA,ES
MASTERLUZ COMERCIO SERVIÇOS LTDA,(27) 3077-7011,,"RUA OLVO CUNHA RODRIGUES, Nº 56",BELA VISTA,NOVA VENÉCIA,ES
Marilene Pereira Cardoso - MEI,(27) 98865-8380,,"Rua Honorio Magalhaes Ramalho, 95",SANTA CECILIA Santa Cecilia,VITORIA,ES
MARCELO DA SILVA MANUTENÇÃO E INSTALAÇÃO ME,(28) 3521-3580,,"RUA PROJETADA, S/N",ALTO GIRONDA,CACHOEIRO DE ITAPEMIRIM,ES
MARIANO SERVIÇOS E MANUTENÇÃO LTDA ME,(27) 3209-3010,contato@vipmec.com.br,"Rua São Paulo, nº 37",Alterosas,Serra,ES
MARCIA RESENDE DE OLIVEIRA - MEI,(27) 99603-3563,,"AV. SANTA LEOPOLDINA, 1101",PRAIA DE ITAPARICA,VILA VELHA,ES
MARIA DE FÁTIMA H. RIBEIRO ME,(28) 3533-4067,mfmetalmecanica@gmail.com,BR 101 - KM 402,FRADE,CACHOEIRO DE ITAPEMIRIM,ES
MAQUILAQ MECÂNICA INDUSTRIAL LTDA,(28)3521-3031,,"RUA PROJETADA 2, S/N",AEROPORTO,CACHOEIRO DE ITAPEMIRIM,ES
Manserv Montagem e Manutencao S/A,(11) 4225-5800,,"AV Terceira Avenida, nº 223 - Quadra: 12; Lote: 002;",Sao Diogo I,Serra,ES
MANSERV MONTAGEM E MANUTENÇÃO S/A,(11) 4225-5800,,"AVENIDA OLINTO MEIRELES, Nº 65",BARREIRO,BELO HORIZONTE,MG
MAGNESITA REFRATÁRIOS S/A,(27)3328-7119,,"Avenida Brigadeiro Eduardo Gomes, s/n",Jardim Limoeiro,Serra,ES
MAIS CLEAN ACESSÓRIOS DE LIMP. LTDA - ME,(27) 3320-7200,atendimento@comercialseara.com.br,"AV. LUCIANO DAS NEVES, Nº 3436 - LOJA 01",ITAPARICA,VILA VELHA,ES
M.P. DUARTE SIST. INTEGR. MEC. ELETRICA CALDERARIA ME,(28) 3521-2778,,"RUA JOÃO BOSCO FIORIO, Nº37",SÃO LUCAS ,CACHOEIRO DE ITAPEMIRIM ,ES
M. DAS N. BUZATTI PAIXAO - ME,(28)3522-5531,,"RUA VEREADOR LUDÁRIO FONSECA, Nº 31",ARARIGUABA,CACHOEIRO DE ITAPEMIRIM,ES
M. A. CARETTA - ME,(28) 3511-8152,,Avenida Mauro Miranda Madureira,Coramara,Cachoeiro de Itapemirim,ES
LV CASTRO ENGENHARIA E INSPEÇÃO INDUSTRIAL EIRELI,(71) 3369-6321,anacristina@c3engenharia.com.br,"RUA DR GERINO DE SOUZA FILHO, Nº274, COND EMP LT NORTE QUADRA 01 LOTE07",ITINGA,LAURO DE FREITAS,BA
LUBLESS ADITIVOS INDUSTRIAIS LTDA,(27) 3386-2077,atendimento@lubless.com.br,"RUA EUCLIDES DA CUNHA, Nº 21",NOVA ZELÂNDIA,SERRA,ES
"LOOP CONTROLE, AUTOMAÇÃO E SISTEMAS LTDA - EPP",(27)3296-4111,,"RUA PEDRO CAVALHERI FILHO, Nº 546",BELA VISTA,ARACRUZ,ES
LOCSOLO SOLUCOES EM MONTAGENS LTDA - ME,(27)3338-5629,,"RUA MACUCO, S/N QUADRA 230 - LOTE 02 03 06",Novo Horizonte,Serra,ES
LISBOA E DAMASCENO LTDA - ME,(27) 3262-3037,,"Avenida Paris, nº 1225",Praia do Morro,Guarapari,ES
LOPES MANUTENÇÃO INDUSTRIAL E SERVIÇOS LTDA ME,(28) 3536-2099,,"AV. DAS CONCHAS, S/N CAIXA POSTAL 29 (ROD. DO SOL)",VILA SAMARCO,Anchieta,ES
LEANDRO KUMM ME,,,"RUA FLOTELO BOLDT, 33",SAO SEBASTIAO DE BELEM,SANTA MARIA DE JETIBA,ES
"LATIN AMERICA MANUTENÇÃO, MONTAGEM INDUSTRIAL LTDA",(27) 3250-2233,patricia@latinamerica.ind.br,"RUA PADRE ANTONIO HONORIO, S/N",PRAIA DOS PADRES,ARACRUZ,ES
LOBO INDÚSTRIA DE MÁQUINAS E SERVIÇOS LTDA,(27)3752-1211,,"RODOVIA ES, Nº 137 - KM 125 - POLO INDUSTRIAL",SÃO CRISTOVÃO,NOVA VENECIA,ES
L. S. DOS ANJOS - ME,(27) 3327-9117,ESQUADRIASANTANA@HOTMAIL.COM,"RUA PROFESSORA CORNELIA LOPES DE FARIAS, 93",MARIA ORTIZ,VITÓRIA,ES
LUZIA ROCHA - MEI,(27) 99887-1174,,"RUA PEROLA, Nº 151",RES VISTA DO MESTRE,SERRA,ES
KONIMEC SERVIÇOS INDUSTRIAIS LTDA - EPP,(27)3328-6201,,"RUA 1B, S/N LOTE 21 QUADRA II",CIVIT II,SERRA,ES
KAXU DIESEL LTDA EPP,(28) 3521-1048,,"AVENIDA MAURO MIRANDA MADUREIRA, Nº 1462",CENTRAL PARQUE,CACHOEIRO DE ITAPEMIRIM,ES
JUVENILSON RIBEIRO DA COSTA FABRICACAO DE P.A- ME,(28)3562-1019,,"RUA ATAIFO VIRGILIO LOBO, Nº 152.",CENTRO,BOM JESUS DO NORTE,ES
JSV FIVAZ EMPREENDIMENTOS EIRELI ME,(27) 3070-3113,,"Avenida Eldes Scherrer Souza, 2230",Colina de Laranjeiras,Serra,ES
L E FERNANDES - ME,(28) 3517-9056,l.e.fernandes.fermaq@gmail.com,"Rodovia Engenheiro Fabiano Vivacqua, 217 - Fundos",Waldir Furtado Amorim,Cachoeiro de Itapemirim,ES
JUNIOR CASTOLDI COMERCIO E SERVICOS LTDA ME,(27) 99635-0286,juniorcastoldicomercio@hotmail.com,"AVENIDA HENRIQUE GONÇALVES, S/N",CANIVETE,LINHARES,ES
KACIO FELIPE TEIXEIRA DE OLIVEIRA ME,(27) 3238-9122,hc.vendas01@gmail.com,"RUA CLAUDIO COUTINHO, Nº 646",JARDIM LIMOEIRO,SERRA,ES
JOTRAL COMERCIAL LTDA EPP,(28) 3521-4931,jotral@jotral.com.br,"Avenida Francisco Mardegan, nº 28",Boa Vista,Cachoeiro de Itapemirim,ES
JOSE CARLOS POMPERMAIER - ME,(27)3371-2230,,"AV. ALEGRE,  2628",SHELL,LINHARES,ES
JOSE LUIZ RANGEL FERREIRA MEI,(28) 99919-7063,,"RUA ANTONIO VIEIRA, 45",SANTO ANTONIO,CACHOEIRO DE ITAPEMIRIM,ES
JOÃO BATISTA FIORANI ME,(27) 3242-0045,ef@esquadriasfiorani.com.br,"ROD. DO SOL, KM 22, Nº 01",MORRO DA LAGOA,VILA VELHA,ES
JR MECÂNICA LTDA,(27)3226-6945,,"Rua Leopoldina, nº 22",Vasco da Gama,Cariacica,ES
JOANA D'ARC DE ALMEIDA DORNELLAS,(27) 99943-0013,dornellas87@hotmail.com,AVENIDA REGIAO SUDESTE,BARCELONA,SERRA,ES
JEANDERSON CIRYLLO - MEI,(27) 99954-7216,,"RUA BELA VISTA, Nº 10",FLEXAL II,CARIACICA,ES
J.I. METALURGICA LTDA,(28) 3511-1765,jotaimetalurgica@gmail.com,ROD. SAFRA X MARATAIZES SN KM 8,CORREGO DO OURO,CACHOEIRO DE ITAPEMIRIM,ES
JOSE CARLOS MOREIRA DO ESPIRITO SANTO - ME,(27) 99863-3247,espublicidades.arquivos@gmail.com,"Rua Presidente Kennedy, 360",Jardim Carapina,Serra,ES
J.DAS NEVES CENTRAIS DE AR CONDICIONADO ME,(27) 3066-3538,contato@thermotec-ar.com.br,"AV.CARAPEBUS, 178",SÃO DIOGO 2,SERRA,ES
JBMM - TREINAMENTOS PROFISSIONAIS E GERENCIAL LTDA,(27) 99229-9375,,"RUA DULCINOPOLIS, 304",JARDIM MARILANDIA,VILA VELHA,ES
J MASTELLA & CIA LTDA - ME,(28)3522-6260,,"R: JOÃO CYPRIANO, 17",MARIA ORTIZ,CACHOEIRO DE ITAPEMIRIM,ES
J P CARLETTI MELLO ME,,,"AV NOSSA SENHORA DA CONSOLAÇÃO, 228",VILA RICA,CACHOEIRO DE ITAPEMIRIM,ES
IVONETE FERREIRA ALVES PARMA MEI,(27) 99202-8602,elisashara@gmail.com,"RUA SÃO BENEDITO, Nº 96",CARAPINA GRANDE,SERRA,ES
J. C. DE LUCA - ELETRICA - ME,(28) 3517-7134,eletrica.radical@gmail.com,"RUA CRESIO GONÇALVES DE SOUZA, Nº 25",CORAMARA,CACHOEIRO DE ITAPEMIRIM,ES
ITAMIL ITAPEMIRIM MECÂNICA INDUSTRIAL LTDA,(28)2102-1000,,"Rodovia Engenheiro Fabiano Vivacqua, nº 335 D",Marbrasa,Cachoeiro de Itapemirim,ES
INOVIX ENGENHARIA LTDA,,,"AV ROZENDO SERAPIAO DE SOUZA FILHO, Nº 595",MATA DA PRAIA,VITÓRIA,ES
INTELLECTUS BRAZIL CONSULTORIA LTDA,(21) 97328-9889,brazilm@gmail.com,"AV RIO BRANCO, Nº 185-926",CENTRO ,RIO DE JANEIRO ,RJ
INSUFLAR ENGENHARIA E INSTALAÇÕES LTDA,(34) 3211-7545,jane@insuflar.com.br,"AV. TITO TEIXEIRA, Nº50",CUSTODIO PEREIRA,UBERLANDIA,MG
IPÊ ENGENHARIA LTDA,(27)3228-2517,,"R: ESPIRITO SANTO, 13",CARAPINA,SERRA,ES
IRMÃOS CLARA LTDA,(28)3521-2699,,"Avenida Leopoldina Smarzaro, 294",São Lucas,Cachoeiro de Itapemirim,ES
INOXEN ENGENHARIA E FAB EM AÇOS INOXIDÁVEIS EIRELI,(27) 3064-4423,contato@inoxen.com.br,"RUA PEDRO ZANGRANDE, Nº 944 - LOJA 01",JARDIM LIMOEIRO,SERRA,ES
INOMEC METALMECÂNICA LTDA ME,(27)3258-1760,,"RUA VEREDINO BAIOCO, Nº 95",CABOCLO BERNARDO,IBIRAÇU,ES
INDUSTRIA MECÂNICA SÃO JOSÉ LTDA,(27)3256-1183,,"R: CARLOS SOELA, Nº 315",BELA VISTA,ARACRUZ,ES
IMV - Serviços Industriais LTDA,(27) 2142-9655,monnique@imvservicos.com.br,"RUA GELU VERVLOET DOS SANTOS, 590, SALA 606 ",Jardim Camburi,Vitória,ES
INDUSTRIA MECÂNICA SÃO JOSÉ LTDA,(27)3256-1183,,"AVENIDA CASTELO BRANCO, Nº 133",BELA VISTA,ARACRUZ,ES
IMPERIAL RETIFICA DE MOT. E PEÇAS LTDA,(27) 3722-3874,imperialretifica@hotmail.com,"RODOVIA DO CAFE , 2300, KM 03",Carlos Germano Naumann,COLATINA,ES
INDUTEC ELETROMECANICA LTDA,(27) 3328-3026,,"RUA NELCY LOPES VIEIRA, 832",JARDIM LIMOEIRO,SERRA,ES
IMMEL INDÚSTRIA METAL MECÂNICA LTDA,(27)3264-1977,,"AV. PREFEITO SAMUEL BATISTA CRUZ,  3521",TRÊS BARRAS,LINHARES,ES
IMETAN INDÚSTRIA METALÚRGICA NORBIATO LTDA,(28) 3517-6812,imetanindustria@gmail.com,"RUA AYDE SILVÉRIO, 42",RUY PINTO BANDEIRA,CACHOEIRO DE ITAPEMIRIM,ES
INFINITI ENGENHARIA E MEIO AMBIENTE LTDA-ME,(27) 3337-2198,emilio@infiniti.eng.br,"RUA MARATAIZES, Nº250, SALA 503, TORRE A, VILLAGGIO LARANJEIRAS BUSINESS",VALPARAISO,SERRA,ES
IMETAME METALMECÂNICA LTDA,(27)3256-0070,,"ROD. DEMÓCRITO MOREIRA, Nº 643",BAIRRO DE FÁTIMA,ARACRUZ,ES
IMEFI INDÚSTRIA E COMÉRCIO DE FIXADORES E MET. LTDA,(27)3338-5125,,"Avenida Florianópolis, nº 05",Jardim Limoeiro,Serra,ES
ILUMINAR COMÉRCIO E SERVIÇO LTDA - EPP  ,(28) 3546-3172,,"AV. PROJETADA, S/N",BANANEIRAS,VENDA NOVA DO IMIGRANTE,ES
IMANTEC INSTALAÇÕES E MANUTENÇÕES ELÉTRICAS LTDA,(27) 3361-5964,adm@imanteceletrica.com.br,"RUA JACI DE OLIVEIRA, Nº 309",PRAIA DO MORRO,GUARAPARI,ES
HS OLEOHIDRAULICA LTDA,(27) 3241-2362,contato@hidrauserra.com.br,"RUA HÁRPIA, Nº 387",NOVO HORIZONTE,SERRA,ES
HS DESENVOLVIMENTO IND. E COM. DE EQUIPAMENTO LTDA,(27) 3337-6896,,"RUA JOSE MARIA VIVACQUA DOS SANTOS, 249",BOA VISTA II,SERRA,ES
IA AUTOMACAO ANA ANGELICA JOVITA CALMON,(27) 99736-8404,gelicalmon@gmail.com,"AVENIDA HENRIQUE GABURRO, 9 - CASA QUADRA-29",SAO JOSE,LINHARES,ES
HP AUTOMAÇÃO LTDA,(27) 3238-9000,,"AVENIDA CENTRAL B, LJ 2, QUADRA III, LOTE 37",CIVIT II,SERRA,ES
HIDREMEC INDÚSTRIA DE MATERIAIS FERROVIÁRIOS LTDA,(27) 3212-6600,,"RUA DO TERMINAL, Nº 01",SOTEMA,CARIACICA,ES
HIDRAUVIT EQUIPAMENTOS INDUSTRIAIS LTDA,(27) 3298-4000,,"RUA SÃO PEDRO, Nº 292",Jardim Limoeiro,Serra,ES
HARSCO METALS LTDA,(27)3298-4900,,"AV. BRIGADEIRO EDUARDO GOMES, S/Nº AREA INTERN CST",JARDIM LIMOEIRO,SERRA,ES
GFB GREEN FACILITIES BRASIL LTDA,(27) 3389-8653,contato@ultratechbrasil.com.br, RUA 23 DE MAIO ,CENTRO ,VILA VELHA ,ES
HIDRAUSERRA EQUIPAMENTOS HIDRÁULICOS LTDA,(27) 3228-4559,contato@hidrauserra.com.br,"Rua Cláudio Coutinho, nº 250",Jardim Limoeiro,Serra,ES
GLOBAL ELEVADORES LTDA,(27) 2464-0493,,"Avenida Nossa Senhora da Penha, 2796",Santa Luíza,Vitória,ES
HOOP INDUSTRIA E COMERCIO DE PEÇAS LTDA,(27)2125-4849,,"RUA CURITIBA, Nº 265",ALTEROSAS/ CIVIT II,SERRA,ES
GRAMARFIL FIO DIAMANTADO EIRELLI EPP,(28) 3525-1399,,"AV. RAUL NASSAR, Nº 168",WALDIR FURTADO AMORIM,CACHOEIRO DE ITAPEMIRIM,ES
GROW SERVICOS INDUSTRIAIS LTDA,(27) 3072-9394,,"RUA RIO BRANCO, Nº28, SALA D",LARANJEIRAS,SERRA,ES
GM MANUTENCAO INDUSTRIAL LTDA ME,(27)3067-7250,,"RUA MANOEL BANDEIRA, S/N",JARDIM LIMOEIRO,SERRA,ES
FUNDIFILL FUNDIÇÃO METAFILL LTDA,(28)3517-4282,,"Rua Presidente Getúlio Vargas, 33/51",Aeroporto,Cachoeiro de Itapemirim,ES
G MARDEGAN ME,(28) 3521-2274,gm@gmmecanica.com.br,"RUA JOSÉ CALEGÁRIO, Nº 29",AEROPORTO,CACHOEIRO DE ITAPEMIRIM,ES
FUNDIÇÃO MUNDIAL LTDA,(28) 3511-8979,,"Rua Euclides Bazoni, s/n",São Joaquim,Cachoeiro de Itapemirim,ES
FRIOAR COMÉRCIO E SERVIÇOS LTDA,(27) 3252-4444,,"Avenida Todos os Santos, 44",das Laranjeiras,Serra,ES
GBP MANUTENÇÃO INDUSTRIAL LTDA,(27) 3065-5190,,"RUA ANGELO PALAURO, Nº 464",TIMBUI,FUNDÃO,ES
GESSICA AZEVEDO DA SILVA,,gessica9838@gmail.com,"AV. BRASILIA, 256",PORTO CANOA,SERRA,ES
FUNDISUL INDUSTRIA METALURGICA LTDA EPP,(28) 3511-8908,fundisul-es@hotmail.com,"RUA 09, QUADRA B 8 LOTE 05 S/N",SÃO JOAQUIM,CACHOEIRO DE ITAPEMIRIM,ES
FORTNOX MONTAGEM E ELETRICA EIRELI,(19) 99625-4024,fortnox@fortnox.com.br,"RUA FRANSCICO CUTINI, 05",SANTA INES,VILA VELHA,ES
FRINHANI INDÚSTRIA E COMÉRCIO ESQUADRIAS DE ALUMINIO LTD,(27)3399-3200,,"ROD. DO SOL, 2213",ITAPARICA,VILA VELHA,ES
FORTE MAR NAVEGACAO LTDA - EPP,(27)3296-9240,,"AV. DOS EUCALIPTOS,  500",BARRA DO RIACHO,ARACRUZ,ES
FIPLAM FABRICACAO E MONTAGEM INDUSTRIAL LTDA-ME,(27) 3318-1695,,"RUA DOIS, SETOR II QUADRA III, Nº 21",Civit II,Serra,ES
FLAVIO DUARTE PASSOS ME,(27) 3109-6954,empresas@oticaolhosdaterra.com.br,"RUA RUAL SEIXAS, Nº18",ULISSES GUIMARÃES,VILA VELHA,ES
FERNANDA MONELLI ASSINI - ME,(27)3373-2327,,"R: MANTENÓPOLIS, 432",NOVO HORIZONTE,LINHARES,ES
FLUID CONTROLS DO BRASIL IND. E COM DE VÁLVULAS LTDA,(27)3398-4777,,"Rua Pedro Álvares Cabral, nº 811",Bairro de Fátima,Serra,ES
FIMAG FABRICA ITALIANA DE MÁQUINAS AGRÍCOLAS LTDA,(27)3336-9325,,ROD. BR 101 KM 04 (DESVIO SANTANA) CX. POSTAL 102,SANTANA,CARIACICA,ES
FEMB COMÉRCIO E SERVIÇOS LTDA EPP,(27) 3369-4045,,"Rua Cristovão Colombo, nº 13 - Lj.01",Cristóvão Colombo,Vila Velha,ES
FERRAMENTAS AGRÍCOLAS LP LTDA - EPP,(27) 3288-3000,,FAZENDA SÃO BENTO,ARAGUAIA,Marechal Floriano,ES
FK CONSULTORIA EIRELI,(27) 3072-6127,,"RUA ITACIBA, Nº 135",PRAIA DE ITAPARICA,VILA VELHA,ES
FABIO VASSALLO MATTOS ME,(27) 99285-4876,fmattos@fvmconsultoria.com.br,"AVENIDA ROZENDO SERAPIÃO DE SOUZA FILHO, Nº 691, SALA 02 E 03",MATA DA PRAIA,VITORIA,ES
FEGON AUTOMAÇÃO DE MÁQUINAS LTDA,(28) 3522-5863,fegon@fegon.com.br,"RUA DOUTOR AMILCAR FIGLIUZZI, Nº 272",CORONEL BORGES,CACHOEIRO DE ITAPEMIRIM,ES
FANE INDUSTRIA E COMERCIO DE PLASTICOS LTDA - EPP,(27)3341-7198,,"R: CARAVELAS, 101",MARINGA,SERRA,ES
FARLOC COMÉRCIO E SERVIÇOS LTDA,(27)3228-0600,,"RUA SÃO PEDRO, 300",JARDIM LIMOEIRO,SERRA,ES
EXTIMEC MANUTENÇÃO E SERVIÇOS INDUSTRIAIS LTDA EPP,(27) 3067-6305,,"Avenida Minas Gerais, nº 351",das Laranjeiras,Serra,ES
ETINOV EQUIPAMENTOS INDUSTRIAIS LTDA,(27) 3256-9393,,"RUA O, Nº 06 QUADRA 20",SÃO DIOGO I,SERRA,ES
ESTEL SERVICOS INDUSTRIAIS LTDA ,(27) 3256-9393,,"R ROSANGELA LOZER FERNANDES, 631",CENTRO EMPRESARIAL,ARACRUZ,ES
ESPIRAL INDÚSTRIA E COMÉRCIO LTDA,(27)3398-2100,,RUA NESTO GUISSO Nº259,BOA VISTA,SERRA,ES
ESVJ ENGENHARIA LTDA,(27) 99978-3250,,"RUA SÃO JOSÉ, 199 - SALA 14",JARDIM LIMOEIRO,SERRA,ES
ES DA SILVA COSTA PLACAS AUTOMOTIVAS ME,(28) 98809-1019,,"RUA CARLOS XAVIER, Nº 222",CENTRO,Bom Jesus do Norte,ES
ESPIRAL ANDAIMES E ESTRUTURAS TUBULARES LTDA,(27)3398 2100,,"RUA NESTOR GUISSO, 257 ÁREA D2",BOA VISTA II,SERRA,ES
ESTAMPLACAS IND. E COM. DE PLACAS E CARIMBOS LTDA,(27) 3075-6076,estamplac_es@yahoo.com.br,"Avenida Carlos Lindenberg, 1240, Loja 10/11",Aribiri,Vila Velha,ES
ESTALEIRO JURONG ARACRUZ LTDA,(27) 3270-6900,,Rodovia ES-010 - KM56,Barra do Sahy,Aracruz,ES
ESP ENGENHARIA LTDA - ME,(27) 3118-1997,contato@engenharia.esp.br,"AVENIDA JOÃO XXIII, Nº 710",BOA VISTA,SÃO MATEUS,ES
ESTEL SERVIÇOS INDUSTRIAIS LTDA,(27)3256-9393,,"AV. PRESIDENTE CASTELO BRANCO, S/N - EDIF. OPERACIONAL - BLOCO A/B/C",CENTRO EMPRESARIAL,ARACRUZ,ES
EQUIPEX SEMON TECNOLOGIA CONTRA INCÊNDIO S/A,(31)3503-1577,,"Rua Úrsula Paulino, nº 2607",Betânia,Belo Horizonte,MG
EQUINOX COMERCIO E EQUIPAMENTO LTDA,(27) 2233-4000,,"AV. NOSSA SENHORA DA PENHA, 2.796",SANTA LUIZA,VITORIA,ES
"EPS - ENGENHARIA, PROJETOS E SERVIÇOS LTDA",(61) 3035-4565,,"STSGHCV BLOCO C SALAS, 215 À 219",ZONA INDUSTRIAL,BRASÍLIA,DF
ENGELMIG ELÉTRICA LTDA,(27) 3291-1350,engelmig@engelmig.com.br,"Rua Olívia Ludgero, nº15",Rosário de Fátima,Serra,ES
ENDSERV INSPEÇÃO DE MATERIAIS E EQUIPAMENTOS LTDA,(27) 99646-6251,comercial.endserv@gmail.com,,,,
ENGENHARIA E CONSULTORIA VITÓRIA LTDA,(27) 3237-0259,,"Avenida Carlos Gomes de Sá, 335 - Sala 101",Mata da Praia,Vitória,ES
ENERVIX ENERGIAS DO ESPÍRITO SANTO LTDA,(27) 3224-4320,smart@smartgols.com.br,"RUA PROFESSOR ALMEIDA COUSIN, 125/1604",ENSEADA DO SUÁ,VITÓRIA,ES
EMTEVIP SERVIÇOS DE MANUTENÇÃO LTDA,(27)3326-7037,,"R: JAPERI, 105",COBILÂNDIA,VILA VELHA,ES
ENTRACO SERVIÇOS OFFSHORE BRASIL LTDA,(27) 3250-7374,,"ROD ES 010, S/N",ARACRUZ,BARRA DO SAHY,ES
ENGRENART USINAGEM E SERVIÇOS LTDA ME,(27) 3228-2825,,"RUA CLAUDIO COUTINHO, Nº 52",JARDIM LIMOEIRO,SERRA,
EMPLACAUTO IND. E COM. DE PLACAS E PAINEIS LTDA ME,(27) 3722-5483,,"RUA ALCINO TEIXEIRA, Nº 233 - EDF. DONA AUGUSTA - Loja 01",SÃO SILVANO,COLATINA,ES
EMPLACART INDÚSTRIA E COMÉRCIO LTDA - EPP,(28)3521-1593,,"RUA SAMUEL LEVY, Nº 509",AQUIBADAN,CACHOEIRO DE ITAPEMIRIM,ES
EMMIL CALDERARIA E MONTAGENS LTDA-ME,((2)) 3763-32,,"ROD. OTHOVARINO DUARTE SANTOS, 22",CARAPINA,SÃO MATEUS,ES
ELETROMARQUEZ LTDA,(27)3720-1337,,"RUA NICOLAU COVRE, Nº 356",CENTRO,ITARANA,ES
ELECTRON MONTAGENS INDUSTRIAIS LTDA,(27)3296-2637,,"RUA MANOEL ROCHA COUTINHO, Nº 141 TERREO",VILA RICA,ARACRUZ,ES
ELEVADORES NACIONAL DO BRASIL LTDA,(27)3322-4447,,"Avenida Maruípe, nº 859",Maruípe,Vitória,ES
ELEVADORES OTIS LTDA,(27)3205-4100,,"Rua Professora Maria Cândida da Silva, Nº 158",Goiabeiras,Vitória,ES
ELETROSOLDA LOGÍSTICA E IMPORTAÇÃO LTDA,(27)2121-5656,,"Rua São Pedro, 1001",São Geraldo,Serra,ES
DVF CONSULTORIA EIRELI,(27)3235-7338,,"Av. Nossa Senhora da Penha, nº 2796 - Ed. Impacto Empresarial Sala 1004",Santa Luíza,Vitória,ES
ELETRICA ANDRADE LTDA EPP,(27) 3722-4091,vendas1.eletricaandrade@gmail.com,"AV. SILVIO AVIDOS, Nº 2182",SÃO SILVANO,COLATINA,ES
EGS ELEVADORES LTDA EPP,(27)3323-1307,,"AV. JERÔNIMO MONTEIRO, Nº 124",CENTRO,VITÓRIA,ES
ELEALPHA ELEVADORES LTDA,(27) 3225-7447,,"Rua Vitalino dos Santos Valadares, nº 215",Santa Luíza,Vitória,ES
DRAGEAU ES LOCAÇÃO DE MÁQUINAS E EQUIP. LTDA,(27) 3013-7072,contato@ecovortex.com.br,AV. DR. OLIVIO LIRA- SHOPPING PRAIA DA COSTA BLOCO V SALA 204 TORRE LESTE,PRAIA DA COSTA,VILA VELHA,ES
DOCFINISH DO BRASIL LTDA - EPP,(27)3318-8000,,"RUA JUSCELINO KUBITSCHEK - GALPÃO C, 02",JARDIM LIMOEIRO,SERRA,ES
DISTRIFERRO PRODUTOS SIDERÚRGICOS LTDA,(27)2127-4000,,"AVENIDA OCTAVIO BORIM, Nº 1000",COBILANDIA,VILA VELHA,ES
DISTRIBUIDORA E METALURGICA BICAO EIRELI,(28) 3552-3746,,ROD ES 482.Nº130 KM33.2,CRISTAL,JERONIMO MONTEIRO,ES
DISFERRO COMÉRCIO DE FERRAGENS EIRELI,(28) 3521-3388,,COMUNIDADE MORRO GRANDE,MORRO GRANDE,CACHOEIRO DE ITAPEMIRIM,ES
DISPLAK IND. E COM. DE PLACAS LTDA,(27) 3291-3174,displak@placasnet.com,"Rodovia Governador Mário Covas, S/N",Bairro de Fátima,Serra,ES
DISK FERRO PRODUTOS METALURGICOS LTDA - ME,(27) 3296-1377,expedicao@nibferragens.com.br,"RUA ROSANGELA LOZER FERNANDES, S/N, GALPÃO IG94",CENTRO EMPRESARIAL,ARACRUZ,ES
DIAÇO DISTRIBUIDORA DE AÇO S/A,(27)2104-5500,,"RODOVIA ES 010, Nº 2656",JARDIM LIMOEIRO,SERRA,ES
DIAÇO DISTRIBUIDORA DE AÇO S/A,(27)2104-5500,,"RODOVIA ES 010, Nº 2656",JARDIM LIMOEIRO,SERRA,ES
DINÂMICA ARTEFATOS DE BORRACHAS LTDA - ME,(28)3521-9160,,"ROD. DO CONTORNO - ES, Nº 488 KM 9,5",ZONA RURAL,Cachoeiro de Itapemirim,ES
DEVANI FIOROTTI,(27) 99890-5232,devanifiorotti@hotmail.com,"R ICONHA, 65",VILA CAPIXABA,CARIACICA,ES
DIOVANIA MARIA LANNES ZAGO MEI,(27) 98831-1902,,"RUA VITALINO DOOS SANTOS VALADARES, Nº 290/801",SANTA LUIZA,VITORIA,ES
DIGILECTRON ELETRONICA S/A,(27)3066-3890,,"Rua Monte Moriá, s/n lote 1 - quadra 15",Colina de Laranjeiras,Serra,ES
DENSYX SOLUÇÕES EM OTIMIZAÇÃO DE PROCESSOS E COM EQUIP IND LTDA,(27) 35341-8551,,"RUA INÁCIO HINIGO, 185 - SALA 708",PRAIA DA COSTA,VILA VELHA,ES
,,,,,,
DEL PUPO METALMECANICA LTDA,(27) 2142-7759,,"AV. PASCHOAL DEL PUPO, Nº 1713",CONDADOS,GUARAPARI,
DARIO COUTINHO ARTELETRICA,(27) 99989-7282,eletrica.dario@hotmail.com,"RODOVIA SERAFIN DERENZE, Nº10265",JOANA D'ARC,VITORIA,ES
DEDIMA INDUSTRIA E COMERCIO LTDA ME,(28)3521-6839,,"AV. ARISTIDES CAMPOS, Nº 433",GILBERTO MACHADO,CACHOEIRO DE ITAPEMIRIM,ES
DELPI COMPONENTES LTDA,(27) 3265-1904,,"RUA TRAVESSA JUPARANÃ, Nº 49",SANTO ANTONIO,Rio Bananal,ES
DDG FABRICA DE EMBALAGEM EIRIELI,(27) 3219-1163,aliancacontabilme@gmail.com,RUA DO BEIJO,JARDIM ASTECA,VILA VELHA,ES
D.U INSTALACOES ELETRICAS LTDA,(27) 99887-0855,,"RUA NELCY LOPES VIEIRA, 297",JARDIM LIMOEIRO,SERRA,ES
D A P SIMAO ME,(28) 99275-3422,dapsimao@gmail.com,"AV. MONTE CASTELO, Nº 158",INDEPENDÊNCIA,CACHOEIRO DE ITAPEMIRIM,ES
DALLA SERVICOS INDUSTRIAIS LTDA,(27)3250-1526,,"RUA DAS PEROBAS, Nº140",COQUEIRAL,ARACRUZ,ES
CSV LTDA,(27)3328-6703,,"RUA DOS BEM-TE-VIS, Nº 35",MORADA DE LARANJEIRAS,SERRA,ES
CSM COMÉRCIO SERVICOS E MANUTENÇÃO LTDA - ME,(27)3326-0047,,"Avenida Iracy Corteletti, nº 216",Nova américa,Vila Velha,ES
CSE MECANICA E INSTRUMENTAÇÃO LTDA,,,"RUA 6D, 195",CIVIT,SERRA,ES
CRC EVANS PIH SERVIÇOS DE TUBULAÇÃO DO BRASIL LTDA,(27) 33612-9703,,"AVENIDA DAVINO MATOS, Nº 55 - SALA 405",CENTRO,CHÁCARA PARREIRAL,
CORPS SIDERURGIA LTDA,(27) 3348-0522,,"RUA GUSTAVO BARROSO, 123",CHÁCARA PARREIRAL,SERRA,
CONAMI MANUTENÇÃO INDUSTRIAL LTDA - ME,(27)3261-5517,,"RUA CELSO BASTOS COUTO, 388 A",PRAIA DO MORRO,GUARAPARI,ES
COMPER EQUIPAMENTOS RODOVIARIOS LTDA - ME,(27)3319-0330,,"RUA SÃO MARCOS, S/N",SANTA INÊS,VILA VELHA,ES
CONTREX SERVIÇOS LTDA,(27)3256-3033,,"RUA 7 DE SETEMBRO, S/N, GALPÃO",ITAPUTERA,ARACRUZ,ES
COMPANHIA SIDERURGICA DO ESPIRITO SANTO S.A.,(27)3246-6108,,"RUA LEOPOLDINA, Nº 900",VASCO DA GAMA,CARIACICA,ES
COMFAI METAL MECANICA LTDA - ME,(27)3256-2696,,"RUA CARAJÁS, 10",BELA VISTA,ARACRUZ,ES
COMÉRCIO DELIVERY DE SALADAS LTDA - ME,(27) 98176-0995,,"AVENIDA CARLOS LINDENBERG 801, 202",GLORIA,VILA VELHA,
CONMEC INDUSTRIAL LTDA,(27)3256-3687,,"RUA ARNOBIO PIMENTEL, Nº 160",CENTRO EMPRESARIAL,ARACRUZ,ES
COLUMBIA ENERGY SA,(27)3267-1654,,"AVENIDA DOS CRISANTEMOS, Nº 2025",SÃO JOSÉ,Fundão,ES
COFERVIL INDÚSTRIA E COMÉRCIO DE FERROS VITÓRIA LTDA,(27)2121-9393,,"RODOVIA BR 262, S/N, KM 5.5",CAMPO GRANDE,CARIACICA,ES
CNC ENGENHARIA E CONSTRUÇÕES LTDA,(27) 99772-7210,cnc@cncengenharia.eng.br,"AV. AVENIDA PRIMEIRA, 234",JARDIM MARILANDIA,VILA VELHA,ES
CLIMA VIX COMERCIO E SERVIÇOS,(27) 3089-2277,,"AV. BRASIL, 26 - PAV 02",JARDIM AMERICA,CARIACICA,
CLEMEMTE DE JESUS BRAGA ME,(28) 98111-1754,icoplacas_2017@hotmail.com,"RUA JOSÉ DONATELI, Nº 205 LOJA 01",CENTRO,SERRA,
CLAUDIO MARCIO DA SILVA ME,(28) 3517-5404,serralheriadomarcinho@hotmail.com,"RUA PEDRO RIZZO, Nº 11",PARAISO,CACHOEIRO DE ITAPEMIRIM,ES
CLAUDEMIR S. FERNANDES RETIFICA ME,(28) 3521-2818,,Avenida Francisco Mardegan,Marbrasa,Cachoeiro de Itapemirim,ES
CLARA AUTO SERVICO LTDA - EPP,(28)3521-4126,,"AV. MAURO MIRANDA MADUREIRA, S/N - CP.167",CORAMARA,CACHOEIRO DE ITAPEMIRIM,ES
CFM CALDEIRARIA FABRICACAO E MONTAGEM LTDA - ME,(28) 3524-1140,,"RODOVIA DO CONTORNO, SN, KM 2",,,
CFEES - CENTRO TÉCNICO DE FORM DE ELETRICISTAS ES,(27) 99712-7373,cfees.adm@gmail.com,"RUA AMAZONAS, Nº 19",CIDADE CONTINENTAL,SERRA,ES
CIMEF METALURGIA S/A,(28)3521-2433,,"AVENIDA FRANCISCO MARDEGAN, Nº 117",AEROPORTO,CACHOEIRO DE ITAPEMIRIM,ES
CEGELEC S/A,(27)3317-8002,,"RUA FREDERICO LAGASSA, 30, EDIF SHEILA	 - SALA 407",NOSSA SENHORA DE FÁTIMA,SERRA,ES
CHRONOS ENGENHARIA BRASIL LTDA,(27) 9968-5710,lucas@chronosbrasil.com.br,"AVENIDA CAMILO GIANORDOLI, Nº 200",MUQUILCABA,GUARAPARI,ES
CEDISA CENTRAL DE AÇO S/A,(27)2123-3233,,"RODOVIA BR 101, S/N, KM 10 - SALA B",LARANJEIRAS,SERRA,ES
CETEST ES - MANUTENÇÃO E UTILIDADES LTDA,(27)3328-1948,,"RUA BEIJA FLOR, Nº 149",NOVO HORIZONTE,SERRA,ES
CIA SIDERURGICA SANTA BARBARA,(27) 3203-2350,,"AVENIDA RIO MARINHO, S/N",BARRA DO JUCU,VILA VELHA,ES
CARLOS JOSE DA SILVA PACHECO - MEI,,carlosjosequito@gmail.com,"RUA ELIAS MAURICIO DOS SANTOS, 59 A 61",RECANTO,CACHOEIRO DE ITAPEMIRIM ITAPEMIRIM,ES
C.L.A. BRAZIL LTDA ME,(27)3064-0070,,"Rua São Pedro, nº 250",Jardim Limoeiro,Serra,ES
BVK ENGENHARIA LTDA - EPP,(27) 3063-3033,bvk@bvkengenharia.com.br,"Avenida João Francisco Gonçalves, nº 149",Cobilândia,Vila Velha,ES
C. M. G. PEREIRA SERRALHERIA - ME,(28) 3518-9160,,"Rua José Barbosa, 10",Jardim Itapemirim,Cachoeiro de Itapemirim,ES
CALF USINAGEM LTDA - EPP,(28)3522-7387,,"RUA HORACY AMARANTES MATTOS, 03",MARBRASA,CACHOEIRO DE ITAPEMIRIM,ES
CALMONTEC CALDEIRARIA SOL SERV OF E USIN CAMP LTDA,(27) 3386-0313,planejamento@calmonteccaldeiraria.com.br,"ROD. GOVERNADOR MARIO COVAS, Nº 11082",SERRA DO ARIL,CARIACICA,ES
C DEBONA MECÂNICA INDUSTRIAL ME,(28) 3524-1520,,"RUA PRINCIPAL, S/N",GIRONDA,CACHOEIRO DE ITAPEMIRIM,ES
C.M.I. CLAUDIO MECÂNICA INDUSTRIAL LTDA - ME,(28) 3522-9195,,"Rua Projetada Sete, s/n",Elpídio Volpini,Cachoeiro de Itapemirim,ES
BUZATO DISTRIBUIDORA DE FERRAGENS LTDA,(28) 3522-1015,,"Avenida Francisco Mardegan, nº 02",Boa Vista,Cachoeiro de Itapemirim,ES
BRUNO CAMATA SERPA,(27) 99761-7986,brunocamatta@hotmail.com,"RUA JUREMA, 01",ALVORADA,VILA VELHA,ES
BRUMETAL INDÚSTRIA E COMÉRCIO LTDA - EPP,(27)3257-1199,,"RUA JACOB BARBARIOLI, Nº 70",PARQUE INDUSTRIAL,IBIRAÇU,ES
BRAVA MÁQUINAS LTDA,(28) 3027-0904,adm.bravamaquinas@gmail.com,"RUA JOANA PAYER, 66",BOA VISTA,CACHOEIRO DE ITAPEMIRIM,ES
BRAGATO SERVICOS DE AR CONDICIONADO LTDA - ME,(27)3396-2358,,"RUA DONA ALBINA, 150",CRUZEIRO DO SUL,CARIACICA,ES
BRINOX METALURGICA S/A,(54) 4009-7087,,"Avenida dos Moveiros, galpão 02",CANIVETE,LINHARES,ES
BRAGONTEC COMERCIO E EQUIPAMENTOS LTDA,(27) 3064-3158,,"RUA MOACYR SANDENO BOX, 95",CENTRO,ALFREDO CHAVES,ES
BRUMAN COMERCIO E SERVICOS DE MAQUINAS E EQUIPAMENTOS LTDA  ,(27) 3328-1772,,"Rua Gustavo Barroso, nº 678",Guaraciaba,Serra,ES
BIZMAQ IND. DE IMPLEMENTOS AGROFLORESTAL LTDA-ME,(27)3763-3353,,"RUA DOS EMPRESÁRIOS, Nº 201",SERNAMBY,SÃO MATEUS,ES
BRAMETAL S/A,(27)2103-9400,,"RODOVIA BR 101, S/N - KM 163",RIO QUARTEL,LINHARES,ES
BRASIL INDUSTRIA E COM DE MAQ E EQUIP EIRELI,(28) 3521-2628,,"AVENIDA FRANCISCO MARDEGAN, Nº 42",BOA VISTA,CACHOEIRO DE ITAPEMIRIM,ES
BNG METALMECANICA LTDA,(27)3182-2899,,"AVENIDA TALMA RODRIGUES RIBEIRO, 1891",CIVIT II,SERRA,ES
BERTOLINI S/A,(27) 2101-5410,,"Rodovia BR-259, KM 51 Pavilhão B",Santa Helena,Colatina,ES
BERTOLINI S/A,(27) 2101-5500,,"Rodovia BR-259, KM 51 Pavilhão B",Santa Helena,Colatina,ES
BELMIRO BARCELOS FILHO,(27) 98865-1197,,"RUA DAS ESMERALDAS, Nº 08 QUADRA M LOTE 8",INTERLAGOS,VILA VELHA,ES
BERMONTEC MONTAGEM E MANUTENÇÃO ELÉTRICA LTDA - ME,(28)3521-4613,,"AVENIDA FRANCISCO  MARDEGAN, Nº 670",MARBRASA,CACHOEIRO DE ITAPEMIRIM,ES
BALMA SERVIÇOS TÉC ESP MANUT E MONT INDUST LTDA,(27) 3067-4077,,"RUA HUMBERTO DE CAMPOS, Nº 103",,,
BALTAZAR CONSTRUÇÕES E MONTAGENS LTDA,(27) 3763-3221,sac@bcmbaltazar.com.br,"Rodovia Othovarino Duarte Santos, S/N KM 06",Pedra D'Água,São Mateus,ES
ATIVE ENGENHARIA LTDA,(27)3228-1947,,"RUA RAIMUNDO CORREIA, 170",JARDIM LIMOEIRO,SERRA,ES
B.V METALURGICA LTDA ME,(27) 3315-0612,,"RUA PARAJU, Nº 794",MOVELAR,LINHARES,ES
ATG ENGENHARIA LTDA,(27) 99506-9415,contato@atgengenharia.com.br,"RUA MOEMA, Nº 25",DIVINO ESPÍRITO SANTO,VILA VELHA,ES
ART NOVA ESTRUTURAS METALICAS LTDA,(27)3200-7012,,"Avenida Fioravante Rossi, nº 3460",Honório Fraga,Colatina,ES
ATLANTICA AÇOS DO BRASIL S/A,(27) 2124-0500,atlanticabrasil@atlanticabrasil.com,"Rua Elias Thomas, 310",Boa Vista II,Serra,ES
ASTEN ANTICORROSÃO E SERVIÇOS LTDA,(27)3328-4068,,"Avenida dos Eucaliptos, s/n",Barra do Sahy,Aracruz,ES
ART METAL ESTRUTURAS METÁLICAS LTDA,(27)3200-7012,,"Avenida Fioravante Rossi, nº 3460",Honório Fraga,Colatina,ES
ALFAMAK MANUTENÇÃO DE EQUIPAMENTOS INDUSTRIAIS,,,"RUA ROBERTO LUIZ, 30",VASCO DA GAMA,CARIACICA,ES
ALFA CALDEIRARIA E MONTAGENS LTDA,(27) 33187-8163,alfacal@alfacal.com.br,"Rua Atalydes Moreira de Souza, 2141",Civit I,Serra,ES
ALFA ENGENHARIA E MONTAGENS INDUSTRIAIS LTDA,(37) 3241-1605,contato@alfaengenharia.ind.br,"Avenida Brigadeiro Eduardo Gomes, 501, sala 01",São Geraldo,Serra,ES
ARANDU ENGENHARIA LTDA - EPP,(27)3241-6359,,"Rua Valdir Drasto Donadia, Nº 18 Quadra 68",Novo Horizonte,Serra,ES
ARCELORMITTAL BRASIL S.A.,(27)3348-1348,,"AVENIDA BRIGADEIRO EDUARDO GOMES, Nº 930",JARDIM LIMOEIRO,SERRA,ES
ALENCAR GOLDNER - EPP,(27)3721-4079,,"RUA JOSÉLIO CÉSAR DE ANDRADE, 197",HONÓRIO FRAGA,COLATINA,ES
AGRALE S.A.,(27) 3763-1602,,"Rua Doutor Arlindo Sodré, nº 891",Centro,São Mateus,ES
AGETECH PRESTADORA DE SERVIÇOS LTDA ME,(27) 99750-1162,ageteches@gmail.com,"Rua Apóstolo Pedro, s/n",Darly Santos,Vila Velha,ES
AB SERRALHERIA LTDA-ME,(27) 99600-2975,,"RUA ANTONIO ALEXANDRE THEODORO, 385",REDENÇÃO,VITORIA,ES
AGMATEC INDUSTRIAL LTDA - ME,(27)3366-0318,,"RUA LIBRA, Nº 674",ALVORADA,VILA VELHA,ES
AÇOMEC INDUSTRIAL LTDA,(27)3328-5959,,"RUA 6 C, Nº 146",CIVIT II,SERRA,ES
ADRIANA APARECIDA DE SOUZA ME,(27) 99964-7826,aluminiositapua@hotmail.com,"Rua Doutor Jair Andrade, Nº 96",Itapuã,Vila Velha,ES
3J MINERAÇÃO LTDA - ME,(28) 3539-8023,,"ROD. ENGENHEIRO FABIANO VIVÁCQUA, S/N KM 22",Coutinho,Cachoeiro de Itapemirim,ES
2MF MONTAGEM MANUTENÇÃO E FABRICAÇÃO,(27) 99948-4943,,"AV. ABDO SAAD, 701 - SL 015",PARQUE JACARAIPE,SERRA,
AÇO DOCE COMERCIO E REPRESENTAÇÕES EIRELI-ME,(28) 3522-5128,acodocemineracao@hotmail.com,"RUA PROFESSOR PEDRO ESTELLITA HERKENHOFF, 155",RECANTO,CACHOEIRO DE ITAPEMIRIM,ES
A FABRICANTE SERVIÇOS DE TORNO E COMÉRCIO EIRELI - ME ,(28) 3521-8111,,"Avenida Mauro Miranda Madureira,nº 1178",Central Parque,Cachoeiro de Itapemirim,ES
